{"swagger":"2.0","info":{"title":"Power BI REST APIs","description":"","version":"1.0"},"host":"api.powerbi.com","basePath":"/v1.0/myorg","schemes":["https"],"consumes":[],"produces":[],"paths":{"/gateways":{"get":{"responses":{"default":{"description":"default","schema":{"type":"object","properties":{"odata.context":{"type":"string","description":"odata.context"},"value":{"type":"array","items":{"type":"object","properties":{"gatewayAnnotation":{"type":"string","description":"gatewayAnnotation"},"gatewayStatus":{"type":"string","description":"gatewayStatus"},"id":{"type":"string","description":"id"},"name":{"type":"string","description":"name"},"type":{"type":"string","description":"type"},"publicKey":{"type":"object","properties":{"exponent":{"type":"string","description":"exponent"},"modulus":{"type":"string","description":"modulus"}},"description":"publicKey"}}},"description":"value"}}}}},"summary":"Get Gateways","operationId":"Gateways","parameters":[]}},"/gateways/{gatewayId}":{"get":{"responses":{"default":{"description":"default","schema":{"type":"object","properties":{"gatewayAnnotation":{"type":"string","description":"gatewayAnnotation"},"gatewayStatus":{"type":"string","description":"gatewayStatus"},"id":{"type":"string","description":"id"},"name":{"type":"string","description":"name"},"type":{"type":"string","description":"type"},"publicKey":{"type":"object","properties":{"exponent":{"type":"string","description":"exponent"},"modulus":{"type":"string","description":"modulus"}},"description":"publicKey"}}}}},"summary":"Get Gateway","operationId":"Gateway","parameters":[{"name":"gatewayId","in":"path","required":true,"type":"string"}]}},"/gateways/{gatewayId}/datasources":{"get":{"responses":{"default":{"description":"default","schema":{"type":"object","properties":{"odata.context":{"type":"string","description":"odata.context"},"value":{"type":"array","items":{"type":"object","properties":{"id":{"type":"string","description":"id"},"gatewayId":{"type":"string","description":"gatewayId"},"datasourceType":{"type":"string","description":"datasourceType"},"connectionDetails":{"type":"object","properties":{"server":{"type":"string","description":"server"},"database":{"type":"string","description":"database"}},"description":"connectionDetails"},"credentialType":{"type":"string","description":"credentialType"},"datasourceName":{"type":"string","description":"datasourceName"}}},"description":"value"}}}}},"summary":"Get Datasources","operationId":"Datasources","parameters":[{"name":"gatewayId","in":"path","required":true,"type":"string"}]}},"/gateways/{gatewayId}/datasources/{datasourceId}":{"get":{"responses":{"default":{"description":"default","schema":{"type":"object","properties":{"id":{"type":"string","description":"id"},"gatewayId":{"type":"string","description":"gatewayId"},"datasourceType":{"type":"string","description":"datasourceType"},"connectionDetails":{"type":"object","properties":{"server":{"type":"string","description":"server"},"database":{"type":"string","description":"database"}},"description":"connectionDetails"},"credentialType":{"type":"string","description":"credentialType"},"datasourceName":{"type":"string","description":"datasourceName"}}}}},"summary":"Get Datasource","operationId":"Datasource","parameters":[{"name":"gatewayId","in":"path","required":true,"type":"string"},{"name":"datasourceId","in":"path","required":true,"type":"string"}]}},"/gateways/{gatewayId}/datasources/{datasourceId}/status":{"get":{"responses":{"default":{"description":"default","schema":{}}},"summary":"Get Datasource Status","operationId":"DatasourceStatus","parameters":[{"name":"gatewayId","in":"path","required":true,"type":"string"},{"name":"datasourceId","in":"path","required":true,"type":"string"}]}},"/gateways/{gatewayId}/datasources/{datasourceId}/users":{"get":{"responses":{"default":{"description":"default","schema":{"type":"object","properties":{"odata.context":{"type":"string","description":"odata.context"},"value":{"type":"array","items":{"type":"object","properties":{"datasourceAccessRight":{"type":"string","description":"datasourceAccessRight"},"displayName":{"type":"string","description":"displayName"},"emailAddress":{"type":"string","description":"emailAddress"},"identifier":{"type":"string","description":"identifier"},"principalType":{"type":"string","description":"principalType"}}},"description":"value"}}}}},"summary":"Get Datasource Users","operationId":"DatasourceUsers","parameters":[{"name":"gatewayId","in":"path","required":true,"type":"string"},{"name":"datasourceId","in":"path","required":true,"type":"string"}]}}},"definitions":{},"parameters":{},"responses":{},"securityDefinitions":{"undefined":{"type":"oauth2","flow":"accessCode","authorizationUrl":"https://login.windows.net/common/oauth2/authorize","tokenUrl":"https://login.windows.net/common/oauth2/authorize","scopes":{"openid":"openid"}}},"security":[{"undefined":["openid"]}],"tags":[]}