{"token":{"type":"oAuthSetting","oAuthSettings":{"identityProvider":"aad","scopes":["openid"],"redirectMode":"Global","customParameters":{"LoginUri":{"value":"https://login.windows.net"},"TenantId":{"value":"common"},"ResourceUri":{"value":"https://analysis.windows.net/powerbi/api"},"EnableOnbehalfOfLogin":{"value":false}},"clientId":"65e59358-38e4-4861-b2a3-a93aba76ea13"},"uiDefinition":null},"token:TenantId":{"type":"string","metadata":{"sourceType":"AzureActiveDirectoryTenant"},"uiDefinition":{"constraints":{"required":"false","hidden":"true"}}}}