{"properties":{"connectionReferences":{"shared_commondataserviceforapps":{"runtimeSource":"embedded","connection":{"connectionReferenceLogicalName":"admin_CoECoreDataverse2"},"api":{"name":"shared_commondataserviceforapps"}},"shared_new-5fpower-20bi-20rest-20apis-5f1c7db66155c724fa":{"runtimeSource":"embedded","connection":{"connectionReferenceLogicalName":"new_sharednew5fpower20bi20rest20apis5f1c7db66155c724fa_4dee8"},"api":{"name":"shared_new-5Fpower-20bi-20rest-20apis-5F1c7db66155c724fa","logicalName":"new_5Fpower-20bi-20rest-20apis"}}},"definition":{"$schema":"https://schema.management.azure.com/providers/Microsoft.Logic/schemas/2016-06-01/workflowdefinition.json#","contentVersion":"1.0.0.0","parameters":{"$connections":{"defaultValue":{},"type":"Object"},"$authentication":{"defaultValue":{},"type":"SecureObject"}},"triggers":{"Recurrence":{"recurrence":{"frequency":"Day","interval":1},"type":"Recurrence"}},"actions":{"Apply_to_each_DataGateways":{"foreach":"@outputs('Get_Gateways')?['body/value']","actions":{"Get_DataGateways_by_Id":{"runAfter":{},"type":"OpenApiConnection","inputs":{"host":{"connectionName":"shared_commondataserviceforapps","operationId":"GetItem","apiId":"/providers/Microsoft.PowerApps/apis/shared_commondataserviceforapps"},"parameters":{"entityName":"new_datagatewaies","recordId":"@items('Apply_to_each_DataGateways')?['id']"},"authentication":"@parameters('$authentication')"}},"Set_variable_IsNewDataGateway_to_true":{"runAfter":{"Get_DataGateways_by_Id":["Failed"]},"type":"SetVariable","inputs":{"name":"IsNewDataGateway","value":"@true"}},"Is_new_gateway":{"actions":{"Create_a_new_gateway_record":{"runAfter":{},"type":"OpenApiConnection","inputs":{"host":{"connectionName":"shared_commondataserviceforapps","operationId":"CreateRecord","apiId":"/providers/Microsoft.PowerApps/apis/shared_commondataserviceforapps"},"parameters":{"entityName":"new_datagatewaies","item/new_name":"@items('Apply_to_each_DataGateways')?['name']","item/new_type":"@if(\r\n    equals(items('Apply_to_each_DataGateways')?['type'], 'Resource'),\r\n    100000000,\r\n    100000001\r\n)","item/new_datagatewayid":"@items('Apply_to_each_DataGateways')?['id']"},"authentication":"@parameters('$authentication')"}}},"runAfter":{"Set_variable_IsNewDataGateway_to_true":["Succeeded","Skipped"]},"else":{"actions":{"Update_a_existing_gateway_record":{"runAfter":{},"type":"OpenApiConnection","inputs":{"host":{"connectionName":"shared_commondataserviceforapps","operationId":"UpdateRecord","apiId":"/providers/Microsoft.PowerApps/apis/shared_commondataserviceforapps"},"parameters":{"entityName":"new_datagatewaies","recordId":"@items('Apply_to_each_DataGateways')?['id']","item/new_name":"@items('Apply_to_each_DataGateways')?['name']"},"authentication":"@parameters('$authentication')"}}}},"expression":{"equals":["@variables('IsNewDataGateway')","@true"]},"type":"If"}},"runAfter":{"Get_Gateways":["Succeeded"]},"type":"Foreach"},"Initialize_variable_-_IsNewDataGateway":{"runAfter":{},"type":"InitializeVariable","inputs":{"variables":[{"name":"IsNewDataGateway","type":"boolean","value":"@false"}]}},"Get_Gateways":{"runAfter":{"Initialize_variable_-_IsNewDataGateway":["Succeeded"]},"type":"OpenApiConnection","inputs":{"host":{"connectionName":"shared_new-5fpower-20bi-20rest-20apis-5f1c7db66155c724fa","operationId":"Gateways","apiId":""},"parameters":{},"authentication":"@parameters('$authentication')"}}},"outputs":{}}},"schemaVersion":"1.0.0.0"}